id,title,price
1,How to get a good grade in DOS in 40 minutes a day,100
2,RPCs for Noobs,70
3,Xen and the Art of Surviving Undergraduate School,120
4,How to get a good grade in DOS in 40 minutes a day,100
5,Xen and the Art of Surviving Undergraduate School,120
6,Xen and the Art of Surviving Undergraduate School,120
7,Xen and the Art of Surviving Undergraduate School,120
8,Xen and the Art of Surviving Undergraduate School,120
9,Xen and the Art of Surviving Undergraduate School,120
10,Xen and the Art of Surviving Undergraduate School,120
11,Xen and the Art of Surviving Undergraduate School,120
12,Xen and the Art of Surviving Undergraduate School,120
13,Xen and the Art of Surviving Undergraduate School,120
14,Xen and the Art of Surviving Undergraduate School,120
15,Xen and the Art of Surviving Undergraduate School,120
16,Xen and the Art of Surviving Undergraduate School,120
17,Xen and the Art of Surviving Undergraduate School,120
18,Xen and the Art of Surviving Undergraduate School,120
19,Xen and the Art of Surviving Undergraduate School,120
20,Xen and the Art of Surviving Undergraduate School,120
21,Xen and the Art of Surviving Undergraduate School,120
22,Xen and the Art of Surviving Undergraduate School,120
23,Xen and the Art of Surviving Undergraduate School,120
24,Xen and the Art of Surviving Undergraduate School,120
25,Xen and the Art of Surviving Undergraduate School,120
26,Xen and the Art of Surviving Undergraduate School,120
27,Xen and the Art of Surviving Undergraduate School,120
28,Xen and the Art of Surviving Undergraduate School,120
29,Xen and the Art of Surviving Undergraduate School,120
30,Xen and the Art of Surviving Undergraduate School,120
31,Xen and the Art of Surviving Undergraduate School,120
32,Xen and the Art of Surviving Undergraduate School,120
33,How to get a good grade in DOS in 40 minutes a day,100
34,How to get a good grade in DOS in 40 minutes a day,100
35,How to get a good grade in DOS in 40 minutes a day,100
36,How to get a good grade in DOS in 40 minutes a day,100
37,How to get a good grade in DOS in 40 minutes a day,100
38,How to get a good grade in DOS in 40 minutes a day,100
39,How to get a good grade in DOS in 40 minutes a day,100
40,How to get a good grade in DOS in 40 minutes a day,100
41,How to get a good grade in DOS in 40 minutes a day,100
42,How to get a good grade in DOS in 40 minutes a day,100
43,How to get a good grade in DOS in 40 minutes a day,100
44,How to get a good grade in DOS in 40 minutes a day,100
45,How to get a good grade in DOS in 40 minutes a day,100
46,How to get a good grade in DOS in 40 minutes a day,100
47,How to get a good grade in DOS in 40 minutes a day,100
48,How to get a good grade in DOS in 40 minutes a day,100
49,How to get a good grade in DOS in 40 minutes a day,100
50,How to get a good grade in DOS in 40 minutes a day,100
51,How to get a good grade in DOS in 40 minutes a day,100
52,How to get a good grade in DOS in 40 minutes a day,100
53,How to get a good grade in DOS in 40 minutes a day,100
54,How to get a good grade in DOS in 40 minutes a day,100
55,How to get a good grade in DOS in 40 minutes a day,100
56,RPCs for Noobs,70
57,RPCs for Noobs,70
58,RPCs for Noobs,70
59,RPCs for Noobs,70
60,How to get a good grade in DOS in 40 minutes a day,100
61,How to get a good grade in DOS in 40 minutes a day,100
62,How to get a good grade in DOS in 40 minutes a day,100
63,RPCs for Noobs,70
64,RPCs for Noobs,70
65,RPCs for Noobs,70
66,Xen and the Art of Surviving Undergraduate School,120
67,Xen and the Art of Surviving Undergraduate School,120
68,Xen and the Art of Surviving Undergraduate School,120
69,Cooking for the Impatient Undergrad,80
70,Cooking for the Impatient Undergrad,80
71,Cooking for the Impatient Undergrad,80
